Pictures,"Common Name",Language,Territory,"Scientific Name",Family,Type
"=HYPERLINK(""https://www.fishbase.se/images/thumbnails/jpg/tn_Abbra_ue.jpg"", ""Open image"")",karšis,Lithuanian,Lithuania,"Abramis brama",Leuciscidae,Vernacular
"=HYPERLINK(""https://www.fishbase.se/images/thumbnails/jpg/tn_Acstu_u1.jpg"", ""Open image"")",Asetras,Lithuanian,Lithuania,"Acipenser sturio",Acipenseridae,Vernacular
"=HYPERLINK(""https://www.fishbase.se/images/thumbnails/jpg/tn_Acstu_u1.jpg"", ""Open image"")","Atlantinis ersketas",Lithuanian,Lithuania,"Acipenser sturio",Acipenseridae,Vernacular
"=HYPERLINK(""https://www.fishbase.se/images/thumbnails/jpg/tn_Acstu_u1.jpg"", ""Open image"")","Atlanto ersketas",Lithuanian,Lithuania,"Acipenser sturio",Acipenseridae,Vernacular
"=HYPERLINK(""https://www.fishbase.se/images/thumbnails/jpg/tn_Acstu_u1.jpg"", ""Open image"")",Eršketas,Lithuanian,Lithuania,"Acipenser sturio",Acipenseridae,Vernacular
"=HYPERLINK(""https://www.fishbase.se/images/thumbnails/jpg/tn_Acstu_u1.jpg"", ""Open image"")",Sturys,Lithuanian,Lithuania,"Acipenser sturio",Acipenseridae,Vernacular
"=HYPERLINK(""https://www.fishbase.se/images/thumbnails/jpg/tn_Albip_ua.jpg"", ""Open image"")","srovine aukšlė",Lithuanian,Lithuania,"Alburnoides bipunctatus",Leuciscidae,Vernacular
"=HYPERLINK(""https://www.fishbase.se/images/thumbnails/jpg/tn_Alalb_u7.jpg"", ""Open image"")","paprastoji aukšlė",Lithuanian,Lithuania,"Alburnus alburnus",Leuciscidae,Vernacular
"=HYPERLINK(""https://www.fishbase.se/images/thumbnails/jpg/tn_Alfal_u2.jpg"", ""Open image"")",perpelė,Lithuanian,Lithuania,"Alosa fallax",Alosidae,Vernacular
"=HYPERLINK(""https://www.fishbase.se/images/thumbnails/jpg/tn_Amtob_u2.jpg"", ""Open image"")","mažasis tobis",Lithuanian,Lithuania,"Ammodytes tobianus",Ammodytidae,Vernacular
"=HYPERLINK(""https://www.fishbase.se/images/thumbnails/jpg/tn_Anang_u6.jpg"", ""Open image"")",ungurys,Lithuanian,Lithuania,"Anguilla anguilla",Anguillidae,Vernacular
"=HYPERLINK(""https://www.fishbase.se/images/thumbnails/jpg/tn_Babar_un.jpg"", ""Open image"")",šlizys,Lithuanian,Lithuania,"Barbatula barbatula",Nemacheilidae,Vernacular
"=HYPERLINK(""https://www.fishbase.se/images/thumbnails/jpg/tn_Bebel_u3.jpg"", ""Open image"")",vėjažuvė,Lithuanian,Lithuania,"Belone belone",Belonidae,Vernacular
"=HYPERLINK(""https://www.fishbase.se/images/thumbnails/jpg/tn_Blbjo_u5.jpg"", ""Open image"")",plakis,Lithuanian,Lithuania,"Blicca bjoerkna",Leuciscidae,Vernacular
"=HYPERLINK(""https://www.fishbase.se/images/thumbnails/jpg/tn_Cacar_ux.jpg"", ""Open image"")","auksinis karosas",Lithuanian,Lithuania,"Carassius carassius",Cyprinidae,Vernacular
"=HYPERLINK(""https://www.fishbase.se/images/thumbnails/jpg/tn_Cagib_u7.jpg"", ""Open image"")","sidabrinis karosas",Lithuanian,Lithuania,"Carassius gibelio",Cyprinidae,Vernacular
"=HYPERLINK(""https://www.fishbase.se/images/thumbnails/jpg/tn_Clhar_ub.jpg"", ""Open image"")",strimélé,Lithuanian,Lithuania,"Clupea harengus",Clupeidae,Vernacular
"=HYPERLINK(""https://www.fishbase.se/images/thumbnails/jpg/tn_Cotae_ud.jpg"", ""Open image"")",kirtiklis,Lithuanian,Lithuania,"Cobitis taenia",Cobitidae,Vernacular
"=HYPERLINK(""https://www.fishbase.se/images/thumbnails/jpg/tn_Coalb_u0.jpg"", ""Open image"")",seliava,Lithuanian,Lithuania,"Coregonus albula",Salmonidae,Vernacular
"=HYPERLINK(""https://www.fishbase.se/images/thumbnails/jpg/tn_Colav_u4.jpg"", ""Open image"")",sykas,Lithuanian,Lithuania,"Coregonus lavaretus",Salmonidae,Vernacular
"=HYPERLINK(""https://www.fishbase.se/images/thumbnails/jpg/tn_Copel_u0.jpg"", ""Open image"")",peledé,Lithuanian,Lithuania,"Coregonus peled",Salmonidae,Vernacular
"=HYPERLINK(""https://www.fishbase.se/images/thumbnails/jpg/tn_Cogob_u6.jpg"", ""Open image"")","paprastasis kūjagalvis",Lithuanian,Lithuania,"Cottus gobio",Cottidae,Vernacular
"=HYPERLINK(""https://www.fishbase.se/images/thumbnails/jpg/tn_Ctide_u6.jpg"", ""Open image"")","baltasis amūras",Lithuanian,Lithuania,"Ctenopharyngodon idella",Xenocyprididae,Vernacular
"=HYPERLINK(""https://www.fishbase.se/images/thumbnails/jpg/tn_Cylum_u1.jpg"", ""Open image"")",ciegorius,Lithuanian,Lithuania,"Cyclopterus lumpus",Cyclopteridae,Vernacular
"=HYPERLINK(""https://www.fishbase.se/images/thumbnails/jpg/tn_Cycar_uv.jpg"", ""Open image"")",karpis,Lithuanian,Lithuania,"Cyprinus carpio",Cyprinidae,Vernacular
"=HYPERLINK(""https://www.fishbase.se/images/thumbnails/jpg/tn_Encim_u2.jpg"", ""Open image"")","Keturūsė vėgėlė",Lithuanian,Lithuania,"Enchelyopus cimbrius",Gaidropsaridae,Vernacular
"=HYPERLINK(""https://www.fishbase.se/images/thumbnails/jpg/tn_Enenc_u1.jpg"", ""Open image"")",Ančiuvis,Lithuanian,Lithuania,"Engraulis encrasicolus",Engraulidae,Vernacular
"=HYPERLINK(""https://www.fishbase.se/images/thumbnails/jpg/tn_Esluc_u9.jpg"", ""Open image"")",lydeka,Lithuanian,Lithuania,"Esox lucius",Esocidae,Vernacular
"=HYPERLINK(""https://www.fishbase.se/images/thumbnails/jpg/tn_Gamor_u3.jpg"", ""Open image"")","Baltijos menkė",Lithuanian,Lithuania,"Gadus morhua",Gadidae,Vernacular
"=HYPERLINK(""https://www.fishbase.se/images/thumbnails/jpg/tn_Gagym_u0.jpg"", ""Open image"")","trispyglė dyglė",Lithuanian,Lithuania,"Gasterosteus aculeatus",Gasterosteidae,Vernacular
"=HYPERLINK(""https://www.fishbase.se/images/thumbnails/jpg/tn_Gogob_uc.jpg"", ""Open image"")",gružlys,Lithuanian,Lithuania,"Gobio gobio",Gobionidae,Vernacular
"=HYPERLINK(""https://www.fishbase.se/images/thumbnails/jpg/tn_Gonig_u5.jpg"", ""Open image"")","juodasis grundalas",Lithuanian,Lithuania,"Gobius niger",Gobiidae,Vernacular
"=HYPERLINK(""https://www.fishbase.se/images/thumbnails/jpg/tn_Gycer_u2.jpg"", ""Open image"")",pūgžlys,Lithuanian,Lithuania,"Gymnocephalus cernua",Percidae,Vernacular
"=HYPERLINK(""https://www.fishbase.se/images/thumbnails/jpg/tn_Hylan_u0.jpg"", ""Open image"")","didysis tobis",Lithuanian,Lithuania,"Hyperoplus lanceolatus",Ammodytidae,Vernacular
"=HYPERLINK(""https://www.fishbase.se/images/thumbnails/jpg/tn_Hylan_u0.jpg"", ""Open image"")",tubis,Lithuanian,Lithuania,"Hyperoplus lanceolatus",Ammodytidae,Vernacular
"=HYPERLINK(""https://www.fishbase.se/images/thumbnails/jpg/tn_Hynob_u1.jpg"", ""Open image"")","margasis plačiakaktis",Lithuanian,Lithuania,"Hypophthalmichthys nobilis",Xenocyprididae,Vernacular
"=HYPERLINK(""https://www.fishbase.se/images/thumbnails/jpg/tn_Laflu_u0.jpg"", ""Open image"")","upinė nėgė",Lithuanian,Lithuania,"Lampetra fluviatilis",Petromyzontidae,Vernacular
"=HYPERLINK(""https://www.fishbase.se/images/thumbnails/jpg/tn_Lapla_u4.jpg"", ""Open image"")","mažoji nėgė",Lithuanian,Lithuania,"Lampetra planeri",Petromyzontidae,Vernacular
"=HYPERLINK(""https://www.fishbase.se/images/thumbnails/jpg/tn_Ledel_u2.jpg"", ""Open image"")",saulažuvė,Lithuanian,Lithuania,"Leucaspius delineatus",Leuciscidae,Vernacular
"=HYPERLINK(""https://www.fishbase.se/images/thumbnails/jpg/tn_Leasp_u0.jpg"", ""Open image"")",salatis,Lithuanian,Lithuania,"Leuciscus aspius",Leuciscidae,Vernacular
"=HYPERLINK(""https://www.fishbase.se/images/thumbnails/jpg/tn_Leidu_u2.jpg"", ""Open image"")",meknė,Lithuanian,Lithuania,"Leuciscus idus",Leuciscidae,Vernacular
"=HYPERLINK(""https://www.fishbase.se/images/thumbnails/jpg/tn_Leleu_u2.jpg"", ""Open image"")","Báltais sapals",Lithuanian,Lithuania,"Leuciscus leuciscus",Leuciscidae,Vernacular
"=HYPERLINK(""https://www.fishbase.se/images/thumbnails/jpg/tn_Leleu_u2.jpg"", ""Open image"")",strepetys,Lithuanian,Lithuania,"Leuciscus leuciscus",Leuciscidae,Vernacular
"=HYPERLINK(""https://www.fishbase.se/images/thumbnails/jpg/tn_Lilim_f0.jpg"", ""Open image"")","gelsvapelekė plekšnė",Lithuanian,Lithuania,"Limanda limanda",Pleuronectidae,Vernacular
"=HYPERLINK(""https://www.fishbase.se/images/thumbnails/jpg/tn_Lilip_u0.jpg"", ""Open image"")",gleivys,Lithuanian,Lithuania,"Liparis liparis",Liparidae,Vernacular
"=HYPERLINK(""https://www.fishbase.se/images/thumbnails/jpg/tn_Lolot_u0.jpg"", ""Open image"")",vėgėlė,Lithuanian,Lithuania,"Lota lota",Lotidae,Vernacular
"=HYPERLINK(""https://www.fishbase.se/images/thumbnails/jpg/tn_Lulam_u0.jpg"", ""Open image"")","nėginis liumpenas",Lithuanian,Lithuania,"Lumpenus lampretaeformis",Lumpenidae,Vernacular
"=HYPERLINK(""https://www.fishbase.se/images/thumbnails/jpg/tn_Mifos_u1.jpg"", ""Open image"")",vijūnas,Lithuanian,Lithuania,"Misgurnus fossilis",Cobitidae,Vernacular
"=HYPERLINK(""https://www.fishbase.se/images/thumbnails/gif/tn_Trqua_u0.gif"", ""Open image"")",ragys,Lithuanian,Lithuania,"Myoxocephalus quadricornis",Cottidae,Vernacular
"=HYPERLINK(""https://www.fishbase.se/images/thumbnails/jpg/tn_Mysco_u8.jpg"", ""Open image"")",builis,Lithuanian,Lithuania,"Myoxocephalus scorpius",Cottidae,Vernacular
"=HYPERLINK(""https://www.fishbase.se/images/thumbnails/jpg/tn_Nemel_uc.jpg"", ""Open image"")","apvalusis grundalas",Lithuanian,Lithuania,"Neogobius melanostomus",Gobiidae,Vernacular
"=HYPERLINK(""https://www.fishbase.se/images/thumbnails/jpg/tn_Neoph_u3.jpg"", ""Open image"")","jūrų yla",Lithuanian,Lithuania,"Nerophis ophidion",Syngnathidae,Vernacular
"=HYPERLINK(""https://www.fishbase.se/images/thumbnails/jpg/tn_Onmyk_ue.jpg"", ""Open image"")","vaivorykštinis upėtakis",Lithuanian,Lithuania,"Oncorhynchus mykiss",Salmonidae,Vernacular
"=HYPERLINK(""https://www.fishbase.se/images/thumbnails/jpg/tn_Osepe_u3.jpg"", ""Open image"")",stinta,Lithuanian,Lithuania,"Osmerus eperlanus",Osmeridae,Vernacular
"=HYPERLINK(""https://www.fishbase.se/images/thumbnails/jpg/tn_Pecul_u2.jpg"", ""Open image"")",Ožka,Lithuanian,Lithuania,"Pelecus cultratus",Leuciscidae,Vernacular
"=HYPERLINK(""https://www.fishbase.se/images/thumbnails/jpg/tn_Peflu_ue.jpg"", ""Open image"")",ešerys,Lithuanian,Lithuania,"Perca fluviatilis",Percidae,Vernacular
"=HYPERLINK(""https://www.fishbase.se/images/thumbnails/jpg/tn_Pemar_u6.jpg"", ""Open image"")","Jūrinė nėgė",Lithuanian,Lithuania,"Petromyzon marinus",Petromyzontidae,Vernacular
"=HYPERLINK(""https://www.fishbase.se/images/thumbnails/jpg/tn_Phgun_u1.jpg"", ""Open image"")",taukžuvė,Lithuanian,Lithuania,"Pholis gunnellus",Pholidae,Vernacular
"=HYPERLINK(""https://www.fishbase.se/images/thumbnails/jpg/tn_Phpho_u8.jpg"", ""Open image"")",rainė,Lithuanian,Lithuania,"Phoxinus phoxinus",Leuciscidae,Vernacular
"=HYPERLINK(""https://www.fishbase.se/images/thumbnails/jpg/tn_Plfle_u5.jpg"", ""Open image"")","upinė plekšnė",Lithuanian,Lithuania,"Platichthys flesus",Pleuronectidae,Vernacular
"=HYPERLINK(""https://www.fishbase.se/images/thumbnails/jpg/tn_Plpla_u8.jpg"", ""Open image"")","baltijos plekšnė",Lithuanian,Lithuania,"Pleuronectes platessa",Pleuronectidae,Vernacular
"=HYPERLINK(""https://www.fishbase.se/images/thumbnails/jpg/tn_Popol_u4.jpg"", ""Open image"")",saida,Lithuanian,Lithuania,"Pollachius pollachius",Gadidae,Vernacular
"=HYPERLINK(""https://www.fishbase.se/images/thumbnails/jpg/tn_Gofla_m1.jpg"", ""Open image"")","dvidėmis grundalėlis",Lithuanian,Lithuania,"Pomatoschistus flavescens",Gobiidae,Vernacular
"=HYPERLINK(""https://www.fishbase.se/images/thumbnails/jpg/tn_Pomic_u1.jpg"", ""Open image"")","paplūdimių grundalas",Lithuanian,Lithuania,"Pomatoschistus microps",Gobiidae,Vernacular
"=HYPERLINK(""https://www.fishbase.se/images/thumbnails/jpg/tn_Pomin_m0.jpg"", ""Open image"")","smėlinis grundalas",Lithuanian,Lithuania,"Pomatoschistus minutus",Gobiidae,Vernacular
"=HYPERLINK(""https://www.fishbase.se/images/thumbnails/jpg/tn_Pupun_u9.jpg"", ""Open image"")","devynspyglė dyglė",Lithuanian,Lithuania,"Pungitius pungitius",Gasterosteidae,Vernacular
"=HYPERLINK(""https://www.fishbase.se/images/thumbnails/jpg/tn_Rurut_ub.jpg"", ""Open image"")",kuoja,Lithuanian,Lithuania,"Rutilus rutilus",Leuciscidae,Vernacular
"=HYPERLINK(""https://www.fishbase.se/images/thumbnails/jpg/tn_Sasal_u7.jpg"", ""Open image"")",lašiša,Lithuanian,Lithuania,"Salmo salar",Salmonidae,Vernacular
"=HYPERLINK(""https://www.fishbase.se/images/thumbnails/jpg/tn_Satru_u7.jpg"", ""Open image"")","margasis upėtakis",Lithuanian,Lithuania,"Salmo trutta",Salmonidae,Vernacular
"=HYPERLINK(""https://www.fishbase.se/images/thumbnails/jpg/tn_Satru_u7.jpg"", ""Open image"")",šlakys,Lithuanian,Lithuania,"Salmo trutta",Salmonidae,Vernacular
"=HYPERLINK(""https://www.fishbase.se/images/thumbnails/jpg/tn_Saluc_u3.jpg"", ""Open image"")",starkis,Lithuanian,Lithuania,"Sander lucioperca",Percidae,Vernacular
"=HYPERLINK(""https://www.fishbase.se/images/thumbnails/jpg/tn_Scery_u2.jpg"", ""Open image"")",raudė,Lithuanian,Lithuania,"Scardinius erythrophthalmus",Leuciscidae,Vernacular
"=HYPERLINK(""https://www.fishbase.se/images/thumbnails/jpg/tn_Scsco_u4.jpg"", ""Open image"")",skumbrė,Lithuanian,Lithuania,"Scomber scombrus",Scombridae,Vernacular
"=HYPERLINK(""https://www.fishbase.se/images/thumbnails/jpg/tn_Scmax_u1.jpg"", ""Open image"")",uotas,Lithuanian,Lithuania,"Scophthalmus maximus",Scophthalmidae,Vernacular
"=HYPERLINK(""https://www.fishbase.se/images/thumbnails/jpg/tn_Sigla_ud.jpg"", ""Open image"")",šamas,Lithuanian,Lithuania,"Silurus glanis",Siluridae,Vernacular
"=HYPERLINK(""https://www.fishbase.se/images/thumbnails/jpg/tn_Spspi_u0.jpg"", ""Open image"")","jürinė dyglė",Lithuanian,Lithuania,"Spinachia spinachia",Gasterosteidae,Vernacular
"=HYPERLINK(""https://www.fishbase.se/images/thumbnails/jpg/tn_Spspr_u2.jpg"", ""Open image"")",bretlingis,Lithuanian,Lithuania,"Sprattus sprattus",Clupeidae,Vernacular
"=HYPERLINK(""https://www.fishbase.se/images/thumbnails/jpg/tn_Sqcep_u2.jpg"", ""Open image"")",šapalas,Lithuanian,Lithuania,"Squalius cephalus",Leuciscidae,Vernacular
"=HYPERLINK(""https://www.fishbase.se/images/thumbnails/jpg/tn_Sytyp_u6.jpg"", ""Open image"")","jūrų adata",Lithuanian,Lithuania,"Syngnathus typhle",Syngnathidae,Vernacular
"=HYPERLINK(""https://www.fishbase.se/images/thumbnails/jpg/tn_Titin_u3.jpg"", ""Open image"")",lynas,Lithuanian,Lithuania,"Tinca tinca",Tincidae,Vernacular
"=HYPERLINK(""https://www.fishbase.se/images/thumbnails/jpg/tn_Vivim_u3.jpg"", ""Open image"")",žiobris,Lithuanian,Lithuania,"Vimba vimba",Leuciscidae,Vernacular
"=HYPERLINK(""https://www.fishbase.se/images/thumbnails/jpg/tn_Xigla_u5.jpg"", ""Open image"")",durklažuve,Lithuanian,Lithuania,"Xiphias gladius",Xiphiidae,Vernacular
"=HYPERLINK(""https://www.fishbase.se/images/thumbnails/jpg/tn_Zoviv_u2.jpg"", ""Open image"")","gyvagimdė vėgėlė",Lithuanian,Lithuania,"Zoarces viviparus",Zoarcidae,Vernacular
